query_id,cluster_id
0001,topic_24
0002,topic_22
0003,topic_1
0004,-1
0005,-1
0006,topic_5
0007,topic_17
0008,topic_17
0009,topic_32
0010,topic_20
0011,topic_6
0012,topic_10
0013,topic_0
0014,topic_7
0015,topic_32
0016,topic_26
0017,topic_3
0018,topic_3
0019,topic_17
0020,topic_0
0021,topic_11
0022,topic_5
0023,topic_24
0024,topic_30
0025,topic_6
0026,topic_23
0027,topic_19
0028,topic_29
0029,topic_17
0030,topic_30
0031,topic_28
0032,topic_31
0033,topic_23
0034,topic_18
0035,topic_14
0036,topic_24
0037,topic_17
0038,topic_27
0039,topic_0
0040,topic_8
0041,topic_10
0042,topic_1
0043,topic_17
0044,topic_9
0045,topic_2
0046,topic_8
0047,-1
0048,topic_28
0049,topic_10
0050,topic_16
0051,-1
0052,topic_10
0053,-1
0054,topic_12
0055,topic_11
0056,topic_0
0057,topic_9
0058,topic_28
0059,topic_10
0060,topic_19
0061,-1
0062,topic_2
0063,topic_18
0064,topic_30
0065,topic_21
0066,topic_12
0067,topic_17
0068,-1
0069,topic_26
0070,topic_31
0071,topic_17
0072,topic_21
0073,topic_18
0074,topic_8
0075,topic_33
0076,topic_2
0077,-1
0078,topic_8
0079,topic_21
0080,topic_4
0081,topic_14
0082,topic_25
0083,-1
0084,topic_25
0085,topic_26
0086,topic_18
0087,topic_12
0088,topic_7
0089,topic_10
0090,topic_7
0091,topic_2
0092,topic_33
0093,topic_20
0094,topic_26
0095,topic_2
0096,topic_2
0097,topic_25
0098,topic_16
0099,topic_15
0100,topic_8
0101,topic_0
0102,topic_1
0103,topic_25
0104,topic_6
0105,topic_27
0106,topic_3
0107,topic_13
0108,topic_0
0109,topic_17
0110,topic_13
0111,topic_21
0112,topic_4
0113,topic_2
0114,topic_2
0115,-1
0116,topic_8
0117,topic_29
0118,topic_15
0119,-1
0120,topic_22
