text,intent
каков долларовый эквивалент в песо,qa_currency
привет яндекс эта песня слишком шумная,music_dislikeness
сегодня,iot_coffee
купи мне билет на пять вечера в гатчину,transport_ticket
нужно ли подключать робот-пылесос к розетке,iot_cleaning
пошли письмо петру про его машину,email_sendemail
пожалуйста добавь этот пункт в список,lists_createoradd
доброго дня как ты,general_greet
ok google где лучшие и самые доступные места остановиться в москве,recommendation_locations
как приготовить индейку просто и быстро,cooking_query
пожалуйста узнай что доставляет два деда,takeaway_query
включи следующий эпизод её истории,play_podcasts
продолжается ли лето,weather_query
что то интересное произошло сегодня в моём twitter,social_query
кто-нибудь фолловил меня сегодня на twitter,social_query
включи мою фольклорную песню сразу после этой песни,play_music
вызови такси для меня,transport_taxi
прочти мой список на сегодня,lists_query
есть ли последние обновления о предложении на нью йоркском мосту,news_query
забронируй билет на поезд чтобы добраться в место назначения,transport_ticket
сколько лет бараку обабе,qa_factoid
алиса что дальше в моём списке,lists_query
скажи мне что значит подземелье,qa_definition
удали мой утренний будильник,alarm_remove
пожалуйста расскажи мне шутку,general_joke
твитнуть сушимании что очередь всегда слишком длинная,social_post
я установил какой-нибудь будильник сегодня,alarm_query
выключи умную розетку,iot_wemo_off
если бы я был в зоне восточного времени какое время было бы сейчас,datetime_convert
хочу послушать прыгну со скалы,play_music
что это за предмет,qa_definition
какие фильмы показывают в кинотеатрах рядом со мной,recommendation_movies
привет olly как дела,general_greet
включи тот подкаст,play_podcasts
добавь новый электронный адрес,email_addcontact
добавь адрес из имейла ивана в контакты,email_addcontact
раздели одну тысячу пятьсот на сто шестьдесят,qa_maths
написать твит с отвращением о макдональдсе,social_post
включи звук,audio_volume_up
удалить мои ранние будильники,alarm_remove
оля сделай синий свет,iot_hue_lightchange
olly здесь слишком темно я даже не вижу свои ладони,iot_hue_lighton
включи аудиокнигу,play_audiobook
что мне приготовить на ужин,cooking_recipe
какая погода в родном городе,weather_query
кто доставляет рядом,takeaway_order
какая цена закрытия для н. т. в.,qa_stock
убери это из списка,lists_remove
сколько контактов у меня в моей телефонной книге,email_querycontact
сегодняшние шутки,general_joke
как зовут самого высокого человека,qa_factoid
повысь яркость освещения,iot_hue_lightup
какие мероприятия запланированы на эти выходные в моём районе,recommendation_events
продолжи тихий дон там где мы остановились,play_audiobook
больше света пожалуйста,iot_hue_lightup
какая цена закрытия акций apple,qa_stock
скажи мне когда придет имейл от директора лаврова,email_query
иди рядом с пылесосом,iot_cleaning
olly могу я положить коричневый сахар вместо белого в печенье с арахисовым маслом,cooking_query
какая сегодня дата,datetime_query
покажи текущий трек в музыкальном проигрывателе,music_settings
покажи мне пробки от ленина до малышева,transport_traffic
не мог бы ты пожалуйста в моём календаре не обращать внимания на вечеринку на которую я пойду в эти выходные,calendar_remove
как называется эта музыкальная группа,music_query
какое мое следующее событие,calendar_query
какой контакт звонил мне последним,email_querycontact
отключи звук динамика,audio_volume_mute
твой звук слишком громкий пожалуйста повтори это тише,audio_volume_down
напомни мне о моём совещании в три часа дня завтра за четыре часа,calendar_set
при какой температуре лучше запекать картошку в духовке,cooking_recipe
сколько еще времени до того как моя пицца будет здесь,takeaway_query
позвони в гинзу и закажи китайскую лапшу с собой,takeaway_order
открой радио рекорд,play_radio
приглуши свет,iot_hue_lightdim
можешь найти шоу утренние подснежники на радио максимум,play_radio
поиск по навигации,transport_query
удали список google,lists_remove
добавить будильник,alarm_set
увеличь громкость пожалуйста,audio_volume_up
покажи все песни,music_query
есть ли в этом районе фестиваль еды,recommendation_events
раздели семьдесят шесть на две части,qa_maths
интерфакс,news_query
я хочу чтобы ты выключил свет,iot_hue_lightoff
нужно увидеть настройки громкости,audio_volume_other
удали моё следующее событие календаря,calendar_remove
включи полный повтор,music_settings
ты рекомендуешь какие-нибудь фильмы которые в настоящее время показывают в моем районе,recommendation_movies
дмитрий мне уже ответил,email_query
если полночь в перми сколько времени в мюнхене,datetime_convert
я хочу чтобы умная розетка была выключена сейчас,iot_wemo_off
закажи мне такси в аэропорт прямо сейчас,transport_taxi
рейтинг,music_likeness
отметь пожалуйста пятое марта как женин день рождения,calendar_set
сколько стоит американский доллар по отношению к рублю,qa_currency
пожалуйста сыграй в эту игру,play_game
уменьши громкость динамиков,audio_volume_down
выключи свет в комнате,iot_hue_lightoff
запомни эту музыку,music_likeness
можешь ли ты включить пожалуйста розетку,iot_wemo_on
когда следующий поезд в москву,transport_query
включить wemo розетку,iot_wemo_on
отправь деловое письмо ларисе об изменении времени собрания,email_sendemail
найди китайские рестораны поблизости,recommendation_locations
поставь на паузу музыку,audio_volume_mute
не мог бы ты изменить громкость,audio_volume_other
немного приглуши свет,iot_hue_lightdim
включи свет,iot_hue_lighton
я ненавижу эту песню пожалуйста запомни это чтобы я никогда больше её не слышал,music_dislikeness
olly я хочу узнать о машиной вечеринке,general_quirky
покажи мне встречи проведенные в прошлом месяце,calendar_query
создать новый список,lists_createoradd
какой день тринадцатого декабря,datetime_query
покажи мне все заведенные будильники,alarm_query
я бы хотел чтобы ты ответил на вопрос,general_quirky
чашку кофе пожалуйста,iot_coffee
измени свет в моем доме на оранжевый,iot_hue_lightchange
установи будильник на среду в двенадцать часов чтобы я мог зарегистрироваться в программе для первых пользователей,alarm_set
давай сыграем в танки онлайн,play_game
что там сейчас с движением на дорогах,transport_traffic
