query_id,intent
0001,play_music
0002,iot_hue_lighton
0003,calendar_query
0004,transport_traffic
0005,takeaway_order
0006,email_query
0007,cooking_recipe
0008,lists_remove
0009,iot_wemo_on
0010,music_dislikeness
0011,email_addcontact
0012,alarm_remove
0013,transport_ticket
0014,general_quirky
0015,takeaway_order
0016,iot_wemo_off
0017,social_query
0018,social_query
0019,cooking_query
0020,transport_ticket
0021,alarm_query
0022,email_addcontact
0023,music_likeness
0024,qa_maths
0025,email_addcontact
0026,iot_hue_lightchange
0027,transport_traffic
0028,music_settings
0029,takeaway_query
0030,datetime_convert
0031,audio_volume_down
0032,transport_ticket
0033,iot_hue_lightdim
0034,transport_traffic
0035,general_quirky
0036,music_query
0037,takeaway_query
0038,play_game
0039,transport_ticket
0040,lists_createoradd
0041,alarm_query
0042,social_post
0043,iot_coffee
0044,iot_wemo_off
0045,play_audiobook
0046,lists_query
0047,qa_definition
0048,qa_definition
0049,alarm_query
0050,general_joke
0051,play_audiobook
0052,alarm_remove
0053,alarm_remove
0054,datetime_query
0055,calendar_remove
0056,transport_taxi
0057,calendar_set
0058,social_post
0059,alarm_query
0060,iot_hue_lighton
0061,datetime_query
0062,play_radio
0063,iot_hue_lightup
0064,qa_maths
0065,qa_currency
0066,calendar_set
0067,iot_coffee
0068,cooking_query
0069,iot_wemo_off
0070,takeaway_order
0071,cooking_recipe
0072,qa_stock
0073,iot_hue_lightup
0074,news_query
0075,takeaway_order
0076,audio_volume_other
0077,general_greet
0078,lists_query
0079,qa_currency
0080,iot_cleaning
0081,general_quirky
0082,music_query
0083,audio_volume_up
0084,music_query
0085,audio_volume_down
0086,weather_query
0087,calendar_remove
0088,qa_factoid
0089,alarm_query
0090,qa_factoid
0091,audio_volume_down
0092,music_settings
0093,music_dislikeness
0094,lists_remove
0095,audio_volume_other
0096,audio_volume_down
0097,takeaway_order
0098,general_joke
0099,weather_query
0100,lists_createoradd
0101,transport_ticket
0102,news_query
0103,music_query
0104,email_query
0105,play_game
0106,social_post
0107,iot_hue_lightoff
0108,takeaway_query
0109,cooking_query
0110,iot_hue_lightoff
0111,qa_stock
0112,iot_cleaning
0113,play_radio
0114,audio_volume_down
0115,iot_wemo_off
0116,recommendation_locations
0117,play_audiobook
0118,general_greet
0119,play_game
0120,iot_hue_lightup
